time,survival,lower,upper,censored,group
0,1,1,1,0,"High"
0.0133333333333333,1,1,1,1,"High"
0.0191666666666667,0.988636363636364,0.922070132306926,0.998391426289236,0,"High"
0.0816666666666667,0.977272727272727,0.912173585164742,0.994267047370323,0,"High"
0.0925,0.965909090909091,0.898030653127503,0.988876132138655,0,"High"
0.358333333333333,0.954545454545455,0.883415823782049,0.98269326248378,0,"High"
0.415,0.943181818181818,0.868874586511083,0.975949236696846,0,"High"
0.5575,0.931818181818182,0.854522619602822,0.968777392319362,0,"High"
0.7075,0.920454545454546,0.840378796344055,0.961263244635968,0,"High"
0.748333333333333,0.897727272727273,0.812679082530986,0.945427159470098,0,"High"
0.773333333333333,0.886363636363637,0.799093698526547,0.937179855064254,0,"High"
0.830833333333333,0.875,0.785665398504493,0.928748554262396,0,"High"
0.865833333333333,0.863636363636364,0.772381548195655,0.920152972679624,0,"High"
0.915,0.852272727272727,0.759231071715873,0.911409075703563,0,"High"
0.9725,0.840909090909091,0.746204313662561,0.902530006080962,0,"High"
1.08166666666667,0.840909090909091,0.746204313662561,0.902530006080962,1,"High"
1.16416666666667,0.829389788293898,0.73305336298379,0.893430626980711,0,"High"
1.33083333333333,0.829389788293898,0.73305336298379,0.893430626980711,1,"High"
1.34666666666667,0.829389788293898,0.73305336298379,0.893430626980711,1,"High"
1.38,0.829389788293898,0.73305336298379,0.893430626980711,1,"High"
1.4725,0.829389788293898,0.73305336298379,0.893430626980711,1,"High"
1.4975,0.829389788293898,0.73305336298379,0.893430626980711,1,"High"
1.57916666666667,0.81701083622981,0.718695322576227,0.883684264538641,0,"High"
1.5875,0.804631884165722,0.704506606314771,0.873802934725647,0,"High"
1.71583333333333,0.792252932101634,0.690471825439375,0.86379596653396,0,"High"
1.81416666666667,0.779873980037546,0.676578344935236,0.853671354361722,0,"High"
1.83083333333333,0.767495027973458,0.662815650057448,0.843436002712326,0,"High"
1.9125,0.75511607590937,0.649174890103171,0.833095914775167,1,"High"
1.92333333333333,0.75511607590937,0.649174890103171,0.833095914775167,1,"High"
1.97,0.742317498351584,0.635049994022424,0.822379967285984,0,"High"
1.97833333333333,0.729518920793798,0.621053839003717,0.811559319511947,0,"High"
1.9975,0.716720343236012,0.607178680366832,0.800638688393446,1,"High"
2.055,0.716720343236012,0.607178680366832,0.800638688393446,1,"High"
2.12,0.703447744287197,0.592758852017187,0.789303711871877,0,"High"
2.16083333333333,0.690175145338382,0.578469463905351,0.777865725567024,0,"High"
2.24583333333333,0.676902546389567,0.564303540046538,0.766328606376241,1,"High"
2.3275,0.676902546389567,0.564303540046538,0.766328606376241,1,"High"
2.49416666666667,0.676902546389567,0.564303540046538,0.766328606376241,1,"High"
2.77333333333333,0.676902546389567,0.564303540046538,0.766328606376241,1,"High"
2.8275,0.676902546389567,0.564303540046538,0.766328606376241,1,"High"
2.99416666666667,0.662187273641968,0.548266316177253,0.753728991070776,2,"High"
3.41,0.646787569603782,0.531453562858006,0.740554328667351,2,"High"
3.57666666666667,0.630617880363688,0.513769781817968,0.726739946475494,0,"High"
3.74333333333333,0.614448191123593,0.496330880410017,0.712762062533289,0,"High"
3.83083333333333,0.614448191123593,0.496330880410017,0.712762062533289,1,"High"
3.87416666666667,0.597841483255388,0.478518445692242,0.698342964575073,0,"High"
4.145,0.597841483255388,0.478518445692242,0.698342964575073,1,"High"
4.44833333333333,0.597841483255388,0.478518445692242,0.698342964575073,1,"High"
4.49166666666667,0.580257910218465,0.459600438323589,0.683129560468727,0,"High"
4.54083333333333,0.580257910218465,0.459600438323589,0.683129560468727,1,"High"
4.74083333333333,0.580257910218465,0.459600438323589,0.683129560468727,1,"High"
4.8225,0.561539913114643,0.439399674510779,0.667007218672531,0,"High"
5.47,0.561539913114643,0.439399674510779,0.667007218672531,1,"High"
5.77833333333333,0.561539913114643,0.439399674510779,0.667007218672531,1,"High"
6.01333333333333,0.541484916217692,0.417687955024736,0.649831503350654,0,"High"
6.15333333333333,0.541484916217692,0.417687955024736,0.649831503350654,1,"High"
6.2375,0.541484916217692,0.417687955024736,0.649831503350654,1,"High"
6.40416666666667,0.541484916217692,0.417687955024736,0.649831503350654,1,"High"
6.48666666666667,0.518923044708621,0.392860326348006,0.630907364762247,1,"High"
6.51916666666667,0.518923044708621,0.392860326348006,0.630907364762247,1,"High"
6.71,0.518923044708621,0.392860326348006,0.630907364762247,1,"High"
6.98666666666667,0.518923044708621,0.392860326348006,0.630907364762247,1,"High"
7.235,0.518923044708621,0.392860326348006,0.630907364762247,1,"High"
7.87166666666667,0.518923044708621,0.392860326348006,0.630907364762247,1,"High"
7.98333333333333,0.518923044708621,0.392860326348006,0.630907364762247,2,"High"
8.06583333333333,0.518923044708621,0.392860326348006,0.630907364762247,1,"High"
8.56583333333333,0.518923044708621,0.392860326348006,0.630907364762247,1,"High"
8.91833333333333,0.518923044708621,0.392860326348006,0.630907364762247,1,"High"
8.98083333333333,0.518923044708621,0.392860326348006,0.630907364762247,1,"High"
9.48083333333333,0.518923044708621,0.392860326348006,0.630907364762247,1,"High"
9.87666666666667,0.518923044708621,0.392860326348006,0.630907364762247,1,"High"
10.0625,0.518923044708621,0.392860326348006,0.630907364762247,1,"High"
10.3116666666667,0.454057664120044,0.292358148774959,0.602366850481255,0,"High"
11.2758333333333,0.454057664120044,0.292358148774959,0.602366850481255,1,"High"
13.1666666666667,0.454057664120044,0.292358148774959,0.602366850481255,1,"High"
13.8883333333333,0.454057664120044,0.292358148774959,0.602366850481255,1,"High"
14.3883333333333,0.454057664120044,0.292358148774959,0.602366850481255,1,"High"
14.9675,0.302705109413362,0.0836011561386373,0.562469204244934,0,"High"
15.3275,0.302705109413362,0.0836011561386373,0.562469204244934,1,"High"
16.4675,0.302705109413362,0.0836011561386373,0.562469204244934,1,"High"
0,1,1,1,0,"Low"
0.0708333333333333,1,1,1,1,"Low"
0.0816666666666667,0.998084291187739,0.986479434232115,0.999729924310262,1,"Low"
0.125833333333333,0.996164898320071,0.984753483797464,0.999039470402127,0,"Low"
0.166666666666667,0.996164898320071,0.984753483797464,0.999039470402127,1,"Low"
0.226666666666667,0.996164898320071,0.984753483797464,0.999039470402127,1,"Low"
0.248333333333333,0.996164898320071,0.984753483797464,0.999039470402127,4,"Low"
0.32,0.996164898320071,0.984753483797464,0.999039470402127,1,"Low"
0.333333333333333,0.988382360051945,0.974323541617235,0.994764053990382,1,"Low"
0.415,0.986432887941389,0.971752254692619,0.993509231855723,1,"Low"
0.423333333333333,0.98447955549002,0.969204666622411,0.992208235496845,0,"Low"
0.44,0.982526223038651,0.966686146414987,0.990870085565281,0,"Low"
0.5,0.980572890587282,0.964193669864732,0.989500251018462,1,"Low"
0.5625,0.978615659268744,0.961717577294268,0.988100798683095,0,"Low"
0.585,0.976658427950207,0.95926289750457,0.986677120909963,0,"Low"
0.666666666666667,0.968829502676057,0.949621059661561,0.98078799509306,2,"Low"
0.715833333333333,0.966864331271034,0.947234978699455,0.97927091499522,0,"Low"
0.748333333333333,0.96293398846099,0.942500639076785,0.976197413025872,2,"Low"
0.79,0.960960763074799,0.940138249492557,0.974637705617799,0,"Low"
0.830833333333333,0.957014312302418,0.935444882279997,0.97148640517035,1,"Low"
0.860833333333333,0.957014312302418,0.935444882279997,0.97148640517035,1,"Low"
0.890833333333333,0.955032916210695,0.933100420657484,0.969890719845893,0,"Low"
0.915,0.953051520118971,0.930765032323117,0.968285978985531,1,"Low"
0.94,0.951065996118723,0.928432142626342,0.96666990960746,0,"Low"
0.989166666666667,0.951065996118723,0.928432142626342,0.96666990960746,1,"Low"
0.9975,0.947086640486427,0.923778476124601,0.963408152530576,2,"Low"
1.06583333333333,0.945088567405232,0.921450946672102,0.961760273326005,1,"Low"
1.08166666666667,0.939081648544606,0.914492528130461,0.956766648125311,0,"Low"
1.09,0.939081648544606,0.914492528130461,0.956766648125311,1,"Low"
1.1475,0.937075063825494,0.912180140679037,0.95508635513662,0,"Low"
1.16416666666667,0.933061894387269,0.907573476151702,0.951708203803681,0,"Low"
1.22166666666667,0.933061894387269,0.907573476151702,0.951708203803681,1,"Low"
1.24833333333333,0.931050985132124,0.905272725641202,0.950007713462555,0,"Low"
1.33083333333333,0.929040075876979,0.902977428066159,0.948301943589527,1,"Low"
1.355,0.927024804562712,0.900681408019428,0.946587929302759,0,"Low"
1.39583333333333,0.927024804562712,0.900681408019428,0.946587929302759,1,"Low"
1.4125,0.925005142679133,0.898384510191598,0.94486579302961,0,"Low"
1.44,0.925005142679133,0.898384510191598,0.94486579302961,1,"Low"
1.47,0.925005142679133,0.898384510191598,0.94486579302961,1,"Low"
1.4975,0.922976622629398,0.896080564916179,0.943132402500974,1,"Low"
1.53,0.920943634473827,0.893775478038209,0.941391063024932,0,"Low"
1.57083333333333,0.920943634473827,0.893775478038209,0.941391063024932,1,"Low"
1.57916666666667,0.918906148556849,0.891469110027417,0.939641870986159,1,"Low"
1.66083333333333,0.91686413489339,0.889161326903754,0.937884915084293,0,"Low"
1.66416666666667,0.91686413489339,0.889161326903754,0.937884915084293,4,"Low"
1.68,0.91686413489339,0.889161326903754,0.937884915084293,1,"Low"
1.69916666666667,0.91686413489339,0.889161326903754,0.937884915084293,1,"Low"
1.705,0.91686413489339,0.889161326903754,0.937884915084293,1,"Low"
1.72916666666667,0.914789781647024,0.88681475767187,0.936099731605713,0,"Low"
1.74583333333333,0.912715428400659,0.884472961477055,0.934310173542538,0,"Low"
1.7625,0.912715428400659,0.884472961477055,0.934310173542538,1,"Low"
1.77833333333333,0.912715428400659,0.884472961477055,0.934310173542538,1,"Low"
1.83083333333333,0.908547778042665,0.879777875029988,0.93070434206387,7,"Low"
1.855,0.908547778042665,0.879777875029988,0.93070434206387,1,"Low"
1.89583333333333,0.908547778042665,0.879777875029988,0.93070434206387,1,"Low"
1.90416666666667,0.908547778042665,0.879777875029988,0.93070434206387,2,"Low"
1.9125,0.906410018564918,0.877365312288793,0.9288551047456,4,"Low"
1.95333333333333,0.906410018564918,0.877365312288793,0.9288551047456,2,"Low"
1.97833333333333,0.904241573544428,0.874916717385226,0.926978801497367,0,"Low"
1.9975,0.897736238482957,0.867600365306149,0.921324510839851,7,"Low"
2.00583333333333,0.897736238482957,0.867600365306149,0.921324510839851,1,"Low"
2.07916666666667,0.895525065481768,0.865114483320696,0.919399619131051,3,"Low"
2.10416666666667,0.895525065481768,0.865114483320696,0.919399619131051,1,"Low"
2.12833333333333,0.895525065481768,0.865114483320696,0.919399619131051,1,"Low"
2.13666666666667,0.895525065481768,0.865114483320696,0.919399619131051,1,"Low"
2.16083333333333,0.891036218035744,0.860069517642606,0.915487646581269,6,"Low"
2.205,0.891036218035744,0.860069517642606,0.915487646581269,1,"Low"
2.22916666666667,0.891036218035744,0.860069517642606,0.915487646581269,2,"Low"
2.24583333333333,0.888739732937714,0.857485721037406,0.913486454115281,3,"Low"
2.28666666666667,0.888739732937714,0.857485721037406,0.913486454115281,3,"Low"
2.32,0.888739732937714,0.857485721037406,0.913486454115281,1,"Low"
2.3275,0.886400944166825,0.854851224325771,0.911449354905585,3,"Low"
2.3825,0.886400944166825,0.854851224325771,0.911449354905585,1,"Low"
2.4125,0.886400944166825,0.854851224325771,0.911449354905585,1,"Low"
2.47833333333333,0.886400944166825,0.854851224325771,0.911449354905585,1,"Low"
2.48666666666667,0.886400944166825,0.854851224325771,0.911449354905585,1,"Low"
2.49166666666667,0.884018145929817,0.852163948704882,0.909375002593115,0,"Low"
2.49416666666667,0.88163534769281,0.849482451155508,0.907296090480498,5,"Low"
2.5275,0.88163534769281,0.849482451155508,0.907296090480498,1,"Low"
2.57916666666667,0.879213272561785,0.846754650461462,0.905183375181798,4,"Low"
2.58166666666667,0.879213272561785,0.846754650461462,0.905183375181798,1,"Low"
2.59583333333333,0.879213272561785,0.846754650461462,0.905183375181798,1,"Low"
2.59833333333333,0.876750490285702,0.843978828842134,0.903035711474313,0,"Low"
2.60416666666667,0.876750490285702,0.843978828842134,0.903035711474313,1,"Low"
2.66083333333333,0.874280770594756,0.84119989001495,0.900878175434058,2,"Low"
2.69416666666667,0.874280770594756,0.84119989001495,0.900878175434058,1,"Low"
2.69916666666667,0.874280770594756,0.84119989001495,0.900878175434058,1,"Low"
2.7025,0.871782825535914,0.838389636973889,0.898694918073338,1,"Low"
2.74333333333333,0.869277702474029,0.835575943926264,0.89650162737203,2,"Low"
2.75416666666667,0.869277702474029,0.835575943926264,0.89650162737203,1,"Low"
2.7625,0.866750732408698,0.832739422291654,0.894287363763972,0,"Low"
2.82,0.864223762343366,0.829908814473022,0.892068514944497,0,"Low"
2.90166666666667,0.864223762343366,0.829908814473022,0.892068514944497,1,"Low"
2.91,0.861689381808635,0.827074238443925,0.889839610137511,3,"Low"
2.91833333333333,0.859132440022853,0.824215829289005,0.887589258544985,0,"Low"
2.99416666666667,0.851461614665506,0.815673814652243,0.880812168297215,4,"Low"
3.0025,0.851461614665506,0.815673814652243,0.880812168297215,1,"Low"
3.00833333333333,0.851461614665506,0.815673814652243,0.880812168297215,1,"Low"
3.0625,0.848857756516681,0.812776321029685,0.878509026916541,0,"Low"
3.07666666666667,0.848857756516681,0.812776321029685,0.878509026916541,3,"Low"
3.13416666666667,0.848857756516681,0.812776321029685,0.878509026916541,1,"Low"
3.16083333333333,0.848857756516681,0.812776321029685,0.878509026916541,3,"Low"
3.1775,0.848857756516681,0.812776321029685,0.878509026916541,1,"Low"
3.2025,0.846188392502478,0.809799304799981,0.87615183796812,0,"Low"
3.24333333333333,0.846188392502478,0.809799304799981,0.87615183796812,2,"Low"
3.32,0.846188392502478,0.809799304799981,0.87615183796812,1,"Low"
3.3275,0.840798657518386,0.803796723043219,0.871385123712923,4,"Low"
3.34416666666667,0.840798657518386,0.803796723043219,0.871385123712923,1,"Low"
3.41,0.840798657518386,0.803796723043219,0.871385123712923,3,"Low"
3.42583333333333,0.83803287246076,0.800712200361125,0.868941173003622,0,"Low"
3.43416666666667,0.83803287246076,0.800712200361125,0.868941173003622,1,"Low"
3.45916666666667,0.83803287246076,0.800712200361125,0.868941173003622,1,"Low"
3.49166666666667,0.83803287246076,0.800712200361125,0.868941173003622,3,"Low"
3.52166666666667,0.835220681613576,0.797573606854799,0.866457334284132,0,"Low"
3.54083333333333,0.835220681613576,0.797573606854799,0.866457334284132,1,"Low"
3.55166666666667,0.835220681613576,0.797573606854799,0.866457334284132,2,"Low"
3.57666666666667,0.832379794941421,0.794404218288754,0.863946857652405,2,"Low"
3.65833333333333,0.832379794941421,0.794404218288754,0.863946857652405,3,"Low"
3.66916666666667,0.829489587320096,0.791177261883972,0.861394133204081,0,"Low"
3.735,0.826599379698772,0.787957205471001,0.858836221439081,1,"Low"
3.74333333333333,0.823699030998075,0.78473068934688,0.856265566026019,0,"Low"
3.825,0.820798682297377,0.781510753959554,0.853689916511541,5,"Low"
3.90166666666667,0.820798682297377,0.781510753959554,0.853689916511541,1,"Low"
3.91,0.814872338020862,0.774928077766155,0.848428218237213,3,"Low"
3.92333333333333,0.814872338020862,0.774928077766155,0.848428218237213,1,"Low"
3.99166666666667,0.811865429024475,0.771590298810997,0.84575650270406,6,"Low"
4,0.811865429024475,0.771590298810997,0.84575650270406,1,"Low"
4.00583333333333,0.811865429024475,0.771590298810997,0.84575650270406,1,"Low"
4.025,0.811865429024475,0.771590298810997,0.84575650270406,1,"Low"
4.07416666666667,0.811865429024475,0.771590298810997,0.84575650270406,4,"Low"
4.15,0.811865429024475,0.771590298810997,0.84575650270406,2,"Low"
4.15833333333333,0.808681643028301,0.768029539298124,0.842946209381348,1,"Low"
4.16666666666667,0.808681643028301,0.768029539298124,0.842946209381348,1,"Low"
4.24083333333333,0.805472588889299,0.764444212426266,0.840110778722037,2,"Low"
4.325,0.805472588889299,0.764444212426266,0.840110778722037,4,"Low"
4.38,0.802184945669343,0.760764576839511,0.837210364195327,0,"Low"
4.3825,0.802184945669343,0.760764576839511,0.837210364195327,1,"Low"
4.4075,0.79888377305342,0.757076296924522,0.83429321204091,1,"Low"
4.49166666666667,0.79888377305342,0.757076296924522,0.83429321204091,2,"Low"
4.54333333333333,0.795541163124326,0.753342805448353,0.831338518768004,0,"Low"
4.57416666666667,0.795541163124326,0.753342805448353,0.831338518768004,4,"Low"
4.65833333333333,0.795541163124326,0.753342805448353,0.831338518768004,6,"Low"
4.74083333333333,0.792051947496588,0.749426113743576,0.828268149034033,3,"Low"
4.8225,0.784980055108226,0.741501409676177,0.822035289247344,4,"Low"
4.9075,0.784980055108226,0.741501409676177,0.822035289247344,2,"Low"
4.96416666666667,0.784980055108226,0.741501409676177,0.822035289247344,1,"Low"
4.98916666666667,0.781328985084466,0.737403406562525,0.818822246329806,6,"Low"
5.07416666666667,0.781328985084466,0.737403406562525,0.818822246329806,2,"Low"
5.12333333333333,0.781328985084466,0.737403406562525,0.818822246329806,1,"Low"
5.15583333333333,0.781328985084466,0.737403406562525,0.818822246329806,1,"Low"
5.24083333333333,0.781328985084466,0.737403406562525,0.818822246329806,5,"Low"
5.2975,0.777402708777509,0.73295083434038,0.815400483275922,0,"Low"
5.3225,0.777402708777509,0.73295083434038,0.815400483275922,4,"Low"
5.36333333333333,0.777402708777509,0.73295083434038,0.815400483275922,1,"Low"
5.40416666666667,0.777402708777509,0.73295083434038,0.815400483275922,1,"Low"
5.48916666666667,0.777402708777509,0.73295083434038,0.815400483275922,1,"Low"
5.51916666666667,0.773332537527365,0.728319579475393,0.811865018614127,0,"Low"
5.53,0.773332537527365,0.728319579475393,0.811865018614127,1,"Low"
5.5625,0.773332537527365,0.728319579475393,0.811865018614127,1,"Low"
5.57083333333333,0.773332537527365,0.728319579475393,0.811865018614127,5,"Low"
5.57916666666667,0.773332537527365,0.728319579475393,0.811865018614127,1,"Low"
5.65583333333333,0.764834377774317,0.718624377720659,0.804503588566599,2,"Low"
5.66416666666667,0.764834377774317,0.718624377720659,0.804503588566599,1,"Low"
5.7375,0.764834377774317,0.718624377720659,0.804503588566599,2,"Low"
5.8225,0.764834377774317,0.718624377720659,0.804503588566599,2,"Low"
5.90416666666667,0.764834377774317,0.718624377720659,0.804503588566599,1,"Low"
5.975,0.764834377774317,0.718624377720659,0.804503588566599,1,"Low"
5.98916666666667,0.760361662114818,0.713500292101198,0.800645891240723,3,"Low"
6,0.755808598269819,0.708287755761481,0.796717048710906,0,"Low"
6.07083333333333,0.755808598269819,0.708287755761481,0.796717048710906,2,"Low"
6.1175,0.755808598269819,0.708287755761481,0.796717048710906,1,"Low"
6.15333333333333,0.755808598269819,0.708287755761481,0.796717048710906,4,"Low"
6.2375,0.751055085073154,0.702822277872526,0.792633583409771,0,"Low"
6.2675,0.746301571876488,0.697381631028757,0.788532680185286,0,"Low"
6.32,0.746301571876488,0.697381631028757,0.788532680185286,4,"Low"
6.3525,0.741423783825008,0.691794590124092,0.784328716678337,0,"Low"
6.40416666666667,0.741423783825008,0.691794590124092,0.784328716678337,2,"Low"
6.4125,0.741423783825008,0.691794590124092,0.784328716678337,1,"Low"
6.48666666666667,0.741423783825008,0.691794590124092,0.784328716678337,2,"Low"
6.53583333333333,0.741423783825008,0.691794590124092,0.784328716678337,2,"Low"
6.57083333333333,0.741423783825008,0.691794590124092,0.784328716678337,1,"Low"
6.5875,0.736275007548445,0.68585932744361,0.779920779470167,0,"Low"
6.645,0.736275007548445,0.68585932744361,0.779920779470167,1,"Low"
6.65333333333333,0.736275007548445,0.68585932744361,0.779920779470167,2,"Low"
6.705,0.736275007548445,0.68585932744361,0.779920779470167,1,"Low"
6.72666666666667,0.730978065048097,0.679748363337931,0.775391213887207,0,"Low"
6.735,0.730978065048097,0.679748363337931,0.775391213887207,3,"Low"
6.855,0.730978065048097,0.679748363337931,0.775391213887207,1,"Low"
6.86083333333333,0.730978065048097,0.679748363337931,0.775391213887207,1,"Low"
6.90166666666667,0.730978065048097,0.679748363337931,0.775391213887207,1,"Low"
6.9425,0.730978065048097,0.679748363337931,0.775391213887207,1,"Low"
6.98666666666667,0.730978065048097,0.679748363337931,0.775391213887207,3,"Low"
7.06833333333333,0.730978065048097,0.679748363337931,0.775391213887207,1,"Low"
7.15333333333333,0.730978065048097,0.679748363337931,0.775391213887207,1,"Low"
7.32,0.730978065048097,0.679748363337931,0.775391213887207,3,"Low"
7.40166666666667,0.730978065048097,0.679748363337931,0.775391213887207,3,"Low"
7.48333333333333,0.730978065048097,0.679748363337931,0.775391213887207,2,"Low"
7.6475,0.724783335683283,0.672393327361141,0.7702530245217,0,"Low"
7.65,0.724783335683283,0.672393327361141,0.7702530245217,2,"Low"
7.80833333333333,0.724783335683283,0.672393327361141,0.7702530245217,1,"Low"
7.81666666666667,0.724783335683283,0.672393327361141,0.7702530245217,2,"Low"
7.90166666666667,0.724783335683283,0.672393327361141,0.7702530245217,2,"Low"
7.9425,0.71819439626798,0.664518282562232,0.764830607791563,1,"Low"
7.94833333333333,0.711544448154388,0.65662001562872,0.75932435663638,0,"Low"
7.98333333333333,0.704894500040795,0.648785472245432,0.753773703772074,2,"Low"
8.06583333333333,0.704894500040795,0.648785472245432,0.753773703772074,1,"Low"
8.15,0.704894500040795,0.648785472245432,0.753773703772074,2,"Low"
8.2325,0.704894500040795,0.648785472245432,0.753773703772074,1,"Low"
8.31666666666667,0.704894500040795,0.648785472245432,0.753773703772074,1,"Low"
8.42333333333333,0.704894500040795,0.648785472245432,0.753773703772074,1,"Low"
8.48333333333333,0.704894500040795,0.648785472245432,0.753773703772074,2,"Low"
8.53583333333333,0.704894500040795,0.648785472245432,0.753773703772074,1,"Low"
8.5575,0.697474557935102,0.639884502070642,0.747706117708082,0,"Low"
8.56583333333333,0.697474557935102,0.639884502070642,0.747706117708082,1,"Low"
8.65,0.697474557935102,0.639884502070642,0.747706117708082,1,"Low"
8.6725,0.697474557935102,0.639884502070642,0.747706117708082,1,"Low"
8.69916666666667,0.697474557935102,0.639884502070642,0.747706117708082,1,"Low"
8.7325,0.697474557935102,0.639884502070642,0.747706117708082,1,"Low"
8.86916666666667,0.697474557935102,0.639884502070642,0.747706117708082,1,"Low"
8.89916666666667,0.681622863436577,0.620846966070576,0.734779585424056,1,"Low"
8.98083333333333,0.681622863436577,0.620846966070576,0.734779585424056,3,"Low"
9.00583333333333,0.673310389492229,0.61090048870725,0.727984164142676,0,"Low"
9.01333333333333,0.673310389492229,0.61090048870725,0.727984164142676,1,"Low"
9.07416666666667,0.673310389492229,0.61090048870725,0.727984164142676,1,"Low"
9.1475,0.664787473169542,0.600747230230363,0.720990355683791,0,"Low"
9.1725,0.664787473169542,0.600747230230363,0.720990355683791,1,"Low"
9.2325,0.664787473169542,0.600747230230363,0.720990355683791,1,"Low"
9.265,0.664787473169542,0.600747230230363,0.720990355683791,1,"Low"
9.40416666666667,0.647059807218355,0.579761872774279,0.706367647455531,0,"Low"
9.51083333333333,0.647059807218355,0.579761872774279,0.706367647455531,1,"Low"
9.5625,0.647059807218355,0.579761872774279,0.706367647455531,2,"Low"
9.6475,0.647059807218355,0.579761872774279,0.706367647455531,1,"Low"
9.81416666666667,0.647059807218355,0.579761872774279,0.706367647455531,1,"Low"
9.9125,0.647059807218355,0.579761872774279,0.706367647455531,1,"Low"
9.945,0.647059807218355,0.579761872774279,0.706367647455531,1,"Low"
9.98083333333333,0.647059807218355,0.579761872774279,0.706367647455531,6,"Low"
10.0625,0.636275477098049,0.566540902088854,0.697846217890822,0,"Low"
10.145,0.636275477098049,0.566540902088854,0.697846217890822,2,"Low"
10.1641666666667,0.636275477098049,0.566540902088854,0.697846217890822,1,"Low"
10.1725,0.624913415007012,0.552636066856012,0.688869723762375,0,"Low"
10.2291666666667,0.624913415007012,0.552636066856012,0.688869723762375,1,"Low"
10.3116666666667,0.624913415007012,0.552636066856012,0.688869723762375,1,"Low"
10.3958333333333,0.624913415007012,0.552636066856012,0.688869723762375,1,"Low"
10.4783333333333,0.624913415007012,0.552636066856012,0.688869723762375,1,"Low"
10.6608333333333,0.624913415007012,0.552636066856012,0.688869723762375,1,"Low"
10.7025,0.624913415007012,0.552636066856012,0.688869723762375,1,"Low"
10.7266666666667,0.624913415007012,0.552636066856012,0.688869723762375,2,"Low"
10.8116666666667,0.624913415007012,0.552636066856012,0.688869723762375,1,"Low"
10.8933333333333,0.624913415007012,0.552636066856012,0.688869723762375,1,"Low"
10.9783333333333,0.624913415007012,0.552636066856012,0.688869723762375,3,"Low"
11.06,0.624913415007012,0.552636066856012,0.688869723762375,2,"Low"
11.145,0.624913415007012,0.552636066856012,0.688869723762375,2,"Low"
11.2266666666667,0.624913415007012,0.552636066856012,0.688869723762375,1,"Low"
11.3116666666667,0.608023863250066,0.529725872506745,0.677330887231359,0,"Low"
11.3933333333333,0.608023863250066,0.529725872506745,0.677330887231359,2,"Low"
11.5025,0.608023863250066,0.529725872506745,0.677330887231359,1,"Low"
11.5191666666667,0.608023863250066,0.529725872506745,0.677330887231359,1,"Low"
11.7591666666667,0.608023863250066,0.529725872506745,0.677330887231359,1,"Low"
11.8083333333333,0.608023863250066,0.529725872506745,0.677330887231359,1,"Low"
11.9641666666667,0.608023863250066,0.529725872506745,0.677330887231359,1,"Low"
12.1308333333333,0.608023863250066,0.529725872506745,0.677330887231359,1,"Low"
12.1416666666667,0.608023863250066,0.529725872506745,0.677330887231359,1,"Low"
12.2241666666667,0.608023863250066,0.529725872506745,0.677330887231359,1,"Low"
12.3333333333333,0.608023863250066,0.529725872506745,0.677330887231359,1,"Low"
12.475,0.608023863250066,0.529725872506745,0.677330887231359,1,"Low"
12.7241666666667,0.608023863250066,0.529725872506745,0.677330887231359,1,"Low"
12.8058333333333,0.608023863250066,0.529725872506745,0.677330887231359,3,"Low"
12.8908333333333,0.608023863250066,0.529725872506745,0.677330887231359,1,"Low"
12.9075,0.608023863250066,0.529725872506745,0.677330887231359,1,"Low"
12.9316666666667,0.608023863250066,0.529725872506745,0.677330887231359,1,"Low"
12.9725,0.608023863250066,0.529725872506745,0.677330887231359,2,"Low"
12.9975,0.608023863250066,0.529725872506745,0.677330887231359,1,"Low"
13.0491666666667,0.608023863250066,0.529725872506745,0.677330887231359,1,"Low"
13.265,0.561252796846215,0.442831775928417,0.663950683911584,0,"Low"
13.5983333333333,0.561252796846215,0.442831775928417,0.663950683911584,1,"Low"
13.9725,0.51022981531474,0.364544262844072,0.638457646080961,0,"Low"
14.055,0.51022981531474,0.364544262844072,0.638457646080961,1,"Low"
14.3033333333333,0.51022981531474,0.364544262844072,0.638457646080961,1,"Low"
14.8766666666667,0.51022981531474,0.364544262844072,0.638457646080961,1,"Low"
14.97,0.51022981531474,0.364544262844072,0.638457646080961,1,"Low"
15.4508333333333,0.51022981531474,0.364544262844072,0.638457646080961,1,"Low"
16.06,0.51022981531474,0.364544262844072,0.638457646080961,1,"Low"
17.88,0.51022981531474,0.364544262844072,0.638457646080961,1,"Low"
18.9941666666667,0.51022981531474,0.364544262844072,0.638457646080961,1,"Low"
21.9566666666667,0.25511490765737,0.0214576815083751,0.615239416794704,0,"Low"
24.9483333333333,0.25511490765737,0.0214576815083751,0.615239416794704,1,"Low"
